Day,Weight,Weight Gain,Pd,Ld,ME Intake,Feed Intake,SID Lys,Maintenance ME,PBT,Gender
1,19.657804324557404,0.6362576171177176,47.042064407931846,114.33682194758397,3102.740023469048,0.0,0.0,1176.4872659109722,-2.121299601525217,gilt
2,20.397493235322635,0.6413998891424463,47.251508302882534,119.14063819526436,3191.3618614915695,0.9828902162278702,4.918637423435136,1202.852305172594,-1.7326208283253783,gilt
3,21.14603234613094,0.6465516446316935,47.4643014599417,123.92697524231066,3279.7294386742374,1.0198746617661318,4.9491959621827615,1229.1462527597748,-1.3415607512880645,gilt
4,21.903473877142684,0.6517113692810882,47.680498717847165,128.69463171425548,3367.8357973951224,1.057301617306547,4.9802592002704245,1255.3765896653867,-0.9485834693467602,gilt
5,22.669868748878887,0.6568775023504889,47.90015562684052,133.44241342973172,3455.6735008149067,1.0951736938571341,5.011836357690661,1281.5502202162625,-0.5541313513963857,gilt
6,23.445266528936934,0.6620484363136508,48.123328445701304,138.16913284724436,3543.2346774783687,1.1334934374439445,5.043936779200978,1307.6735236189086,-0.15862597068472178,gilt
7,24.229715378122528,0.6672225165409114,48.350074137902766,142.87360870388827,3630.5110621847475,1.1722633264468467,5.076569936572324,1333.7523993838922,0.23753100971598617,gilt
8,25.02326199602973,0.6723980410165927,48.58045036683562,147.5546658178941,3717.494033635686,1.2114857689061265,5.109745430571055,1359.792307489633,0.6339569976151018,gilt
9,25.825951566102724,0.6775732600928409,48.81451549004355,152.2111350315964,3804.1746492891384,1.2511630998014867,5.143472992689866,1385.798304007145,1.0302876759538058,gilt
10,26.637827700214867,0.6827463762816306,49.052328552412234,156.841853275223,3890.5436777813393,1.2912975783051364,5.1777624866390175,1411.7750727934358,1.4261762480826832,gilt
11,27.45893238280262,0.6879155440866784,49.2939492782509,161.4456637349822,3976.591629223782,1.3318913850107434,5.2126239096058224,1437.7269537677087,1.821292721670897,gilt
12,28.289305914593648,0.6930788698770164,49.53943806220292,166.02141611143023,4062.308783636167,1.372946619140131,5.248067393287441,1463.657968207183,2.2153232289732956,gilt
13,29.128986855970595,0.6982344118039789,49.788855958919825,170.56796695615026,4147.685217737652,1.4144652957296824,5.284103204699453,1489.5718414351809,2.6079693813031297,gilt
14,29.97801197001381,0.7033801797633623,50.04226467142978,175.0841800764577,4232.710830286245,1.45644934279853,5.320741746760668,1515.4720232205873,2.9989476556768846,gilt
15,30.83641616526839,0.708514135404509,50.2997265381297,179.56892699923074,4317.375366128611,1.4989005985006907,5.35799355865256,1541.361706162973,3.387988811713184,gilt
16,31.704232438282798,0.7136341921880667,50.56130451832696,184.0210874861134,4401.668439099204,1.5418208082634195,5.395869315950144,1567.2438422999558,3.7748373369788557,gilt
17,32.58149181596837,0.7187382154941607,50.82706217625419,188.4395500932911,4485.57955388767,1.58521162191414,5.434379830519593,1593.121158141551,4.15925091908188,gilt
18,33.46822329783091,0.723824022782703,51.09706366347785,192.82321276983498,4569.098126976407,1.6290745907984185,5.4735360501764765,1618.9961683092793,4.540999942912597,gilt
19,34.364453798127606,0.728889383807544,51.37137369961857,197.17098348927107,4652.2135067354675,1.6734111648915455,5.513349058097299,1644.8711879348543,4.919867011531071,gilt
20,35.270208088004395,0.7339320208861501,51.65005755129847,201.4817809095961,4734.914992749414,1.7182226899063804,5.5538300719758995,1670.7483439536873,5.295646489290274,gilt
21,36.18550873767088,0.7389496092264628,51.93318100922779,205.7545350574237,4817.191854439741,1.7635104044002199,5.59499044291512,1696.6295854116831,5.668144065871176,gilt
22,37.1103760586718,0.7439397773125598,52.220810363340746,209.98818803235156,4899.033349037115,1.809275436883544,5.636841654043245,1722.5166928893875,6.037176339987751,gilt
23,38.044828046315864,0.7489001073507048,52.51301237588754,214.18169472797052,4980.428738949371,1.8555188029335898,5.6793953188437065,1748.4112871351394,6.402570421596832,gilt
24,38.98888032232477,0.753828135777329,52.80985425238671,218.33402356623316,5061.36730856417,1.9022414023157932,5.7226631791856954,1774.3148369881533,6.764163551520416,gilt
25,39.94254607776683,0.758721353830437,53.11140361033973,222.44415724214144,5141.838380518913,1.9494440161162385,5.766657103042431,1800.228666663166,7.121802737456226,gilt
26,40.90583601634154,0.7635772081858807,53.417728445607004,226.51109347593177,5221.831331465135,1.9971273038883415,5.811389081883053,1826.1539624602012,7.47534440541642,gilt
27,41.87875829808313,0.768393101659882,53.72889709634182,230.53384577011784,5301.335607349841,2.045291800817077,5.856871227723305,1852.0917789559674,7.824654065694772,gilt
28,42.861318483552665,0.7731663939791238,54.0449782043767,234.511444168918,5380.340738232108,2.0939379149041564,5.903115769819422,1878.0430447272634,8.169605992518969,gilt
29,43.85351947859009,0.7778944026196594,54.3660406739543,238.44293601773697,5458.836352649711,2.1430659241776335,5.950135050988888,1904.0085676513795,8.510082916598098,gilt
30,44.85536147969884,0.7825744037158092,54.69215362769283,242.32738672049635,5536.8121915472975,2.1926759739295045,5.9979415235410904,1929.9890398237599,8.845975729824943,gilt
31,45.86684192013748,0.7872036330401407,55.02338635967413,246.16388049272905,5614.2581217749985,2.242768073984942,6.046547744800132,1955.9850421290325,9.177183201439755,gilt
32,46.8879554167937,0.7917792870555325,55.35980828554092,249.95152110845007,5691.164149163892,2.293342096006874,6.095966372201534,1981.9970484978612,9.50361170500582,gilt
33,47.918693717917904,0.7962985240402347,55.7014888894881,253.6894326389209,5767.520431182762,2.3443977708396853,6.146210157943841,2008.0254298788118,9.825174955588516,gilt
34,48.959045651794234,0.8007584652867384,56.0484976680319,257.3767601815041,5843.317289178759,2.395934685895895,6.197291943175603,2034.0704579515905,10.14179375656807,gilt
35,50.008997076428365,0.8051561963751592,56.400904070439665,261.0126705768943,5918.545220203082,2.447952282589712,6.249224651697726,2060.1323086054317,10.453395755552533,gilt
36,51.068530830332236,0.8094887685217327,56.75877743570266,264.59635311309177,5993.194908421561,2.5004498538214186,6.302021283160515,2086.2110652041783,10.759915208891458,gilt
37,52.1376266844868,0.8137532000029005,57.12218692593372,268.12702021455436,6067.257236108865,2.553426541516612,6.355694905734482,2112.306721657567,11.061292754322778,gilt
38,53.21626129556458,0.8179464776553463,57.491201456072105,271.603908115046,6140.723294224272,2.60688133422434,6.410258648233341,2138.4191853164275,11.35747519131524,gilt
39,54.30440816049461,0.8220655584522091,57.86588961977838,275.0262775127621,6213.584392566138,2.660813064778229,6.465725691667452,2164.5482797079076,11.64841526869689,gilt
40,55.402037572452656,0.8261073711555719,58.24631961140317,278.3934142063919,6285.832069501745,2.715220408024731,6.522109260205516,2190.693747125377,11.934071479186562,gilt
41,56.5091165783601,0.8300688180451832,58.632559143915586,281.70462971084123,6357.458101268707,2.770101878622633,6.579422611522163,2216.855251086372,12.214407860469928,gilt
42,57.62560893797512,0.8339467767232261,59.024675362678934,284.9592618514105,6428.454510843905,2.825455828918005,6.637679026508838,2243.0323786707827,12.489393802485132,gilt
43,58.7514750846598,0.8377381019947988,59.42273475496485,288.15667533529324,6498.813576375728,2.8812804468987565,6.69689179832535,2269.2246427504183,12.759003860604627,gilt
44,59.88667208790672,0.8414396278236211,59.82680305509968,291.29626229932774,6568.527839175339,2.9375737542329903,6.757074220769364,2295.431484120146,13.023217574420421,gilt
45,61.03115361770857,0.8450481693623169,60.2369451451423,294.37744283300583,6637.5901112627935,2.994333604395336,6.818239575941252,2321.6522735399317,13.282019291859198,gilt
46,62.18486991085358,0.8485605250564706,60.65322495099668,297.3996654758103,6705.993482463889,3.051557680885429,6.8804011211818485,2347.886313696343,13.535397998371621,gilt
47,63.347767739229326,0.8519734788214766,61.07570533386935,300.3624076880257,6773.731327053957,3.109243495542679,6.943572075260994,2374.132841091348,13.783347150957308,gilt
48,64.51979038021652,0.8552838022910427,61.50444797698826,303.2651762942336,6840.797309945,3.1673883869614663,7.007765603795074,2400.3910278656026,14.02586451680254,gilt
49,65.70087758925364,0.8584882571360298,61.93951326750778,306.1075078987794,6907.185392413077,3.225989519010826,7.072994803872417,2426.6599835628526,14.26295201632292,gilt
50,66.89096557465204,0.8615835974521331,62.38096017353324,308.8889692725619,6972.889837363147,3.285043879462682,7.139272687865978,2452.9387568415013,14.494615570416846,gilt
51,68.08998697474004,0.8645665722147379,62.828846116209,311.6091577105742,7037.905214129174,3.3445482787326024,7.2066121664136125,2479.22633713893,14.720864951749057,gilt
52,69.29787083741284,0.8674339277990967,63.283226836824554,314.2677013596903,7102.226402807789,3.4044993487370023,7.275026030547262,2505.5216562936907,14.9417136398954,gilt
53,70.51454260216371,0.8701824105637952,63.744156258906436,316.864259516266,7165.848598124432,3.4648935418706426,7.344526932953482,2531.823590130285,15.157178680191745,gilt
54,71.73992408466982,0.8728087694952937,64.21168634527699,319.39852289318725,7228.767312831465,3.525727130108186,7.415127368349118,2558.1309600108502,15.367280546140345,gilt
55,72.97393346400432,0.8753097589111428,64.68586695007637,321.8702138560764,7290.978380638505,3.5869962042334915,7.486839652957519,2584.4425343577245,15.572043005237266,gilt
56,74.21648527254364,0.8776821412192932,65.16674566576091,324.27908662842646,7352.477958675834,3.648696673200216,7.559675903072346,2610.7570301505357,15.77149298809367,gilt
57,75.46749038863709,0.8799226897307336,65.65436766510886,326.62492746550504,7413.2625294925065,3.710824263627182,7.633648012698101,2637.073114401158,15.965660460732433,gilt
58,76.72685603210279,0.8820281915225093,66.14877553828416,328.90755479693706,7473.328902591509,3.7733745194318544,7.708767630258691,2663.3894056095846,16.154578299949893,gilt
59,77.99448576261129,0.883995450347996,66.65000912503028,331.12681933793414,7532.674215505082,3.8363428016051397,7.785046134367724,2689.704475203526,16.33828217163984,gilt
60,79.27027948101546,0.8858212895911206,67.15810534208885,333.282604169205,7591.295934414063,3.8997242881305647,7.8624946086570695,2716.016848964271,16.5168104119841,gilt
61,80.5541334336816,0.8875025552610525,67.6730980059622,335.3748247856383,7649.19185431589,3.963513974050773,7.941123815663118,2742.325008441145,16.690203911420493,gilt
62,81.84594021987373,0.8890361190237084,68.19501765116546,337.4034291139101,7706.360098746711,4.02770667168408,8.020944169773388,2768.627392356663,16.858506001305006,gilt
63,83.14558880223935,0.8904188812662551,68.72389134414134,339.36839749921825,7762.799119063724,4.092297010993686,8.101965709239844,2794.922398004292,17.02176234319068,gilt
64,84.45296452044117,0.8916477741906254,69.25974249304082,341.26974266140286,7818.5076932947695,4.157279440111967,8.18419806726888,2821.2083826405355,17.18002082065077,gilt
65,85.76794910797528,0.8927197649319051,69.80259065360362,343.1075096207569,7873.484924562818,4.222648226022058,8.267650442202324,2847.4836648728856,17.3333314335787,gilt
66,87.09042071221246,0.8936318586973038,70.35245133140606,344.8817755938785,7927.730239093825,4.288397455398765,8.35233156680801,2873.7465260450062,17.48174619490147,gilt
67,88.4202539176948,0.8943811019212672,70.90933578077835,346.59264985995776,7981.243383817129,4.354521035610623,8.438249676703467,2899.995211620374,17.62531902964755,gilt
68,89.75731977271543,0.8949645854321597,71.47325080072926,348.24027359792984,8034.024423568245,4.42101269588474,8.525412477941178,2926.2279325654317,17.76410567631353,gilt
69,91.10148581920483,0.8953794476258119,72.0441985282546,349.8248196949573,8086.073737904596,4.487865988635772,8.613827113789275,2952.4428667331786,17.8981635904777,gilt
70,92.45261612594196,0.8956228776411065,72.62217622944482,351.34649252674154,8137.392017545432,4.555074290960241,8.703500130747342,2978.6381602479914,18.027551850611314,gilt
71,93.81057132510433,0.8956921185326663,73.20717608884799,352.805527710181,8187.980260447699,4.622630806297098,8.794437443842837,3004.811928892329,18.152331066041484,gilt
72,95.17520865216547,0.8955844704356036,73.79918499758593,354.2021918289232,8237.839767530322,4.6905285662552165,8.886644301260102,3030.962259495869,18.272563287021885,gilt
73,96.54638198914348,0.8952972937171974,74.39818434076464,355.53678213237146,8286.972138059857,4.758760432608273,8.980125248360423,3057.0872113274913,18.388311916869966,gilt
74,97.92394191119948,0.8948280121102855,149.9753751534058,356.80962620872117,8335.379264711004,4.827319099457174,9.074884091158436,3083.184817490436,18.499641626131233,gilt
75,99.30773573657856,0.8941741158230896,149.958974941613,358.02108163261454,8383.063328315973,4.896197095559974,18.148943973223748,3109.253086320834,18.606618268733147,gilt
76,100.69760757988159,0.8933331646201286,149.91093864616138,359.1715355879984,8430.026792317085,4.965386786828929,18.193463413939174,3135.2900027897335,18.70930880009285,gilt
77,102.09339840864983,0.8923027908688349,149.8306470829709,360.2614044667847,8476.272396937475,5.03488037899408,18.235674362921394,3161.293529908633,18.807781197144223,gilt
78,103.49494610323953,0.8910807025464531,149.71747743173302,361.291133443898,8521.803153085031,5.104669920432492,18.275726581975672,3187.261610138457,18.902104380251327,gilt
79,104.90208551995751,0.8896646862017794,149.57080345335282,362.26119602929606,8566.622336005059,5.174747305161977,18.313549962262517,3213.192166801809,18.992348136976315,gilt
80,106.3146485574236,0.888052609866297,149.3899957161699,363.17209359754037,8610.73347869746,5.245104275997876,18.349072112385265,3239.0831054982723,19.078583047670936,gilt
81,107.73246422611999,0.8862424259092675,149.1744218310246,364.0243548954744,8654.14036511435,5.31573242787118,18.382218273271153,3264.93231552244,19.16088041286173,gilt
82,109.15535872108195,0.8842321738313592,148.92344669522043,364.8185355285621,8696.847023154323,5.3866232113059995,18.412911228668385,3290.737671284297,19.23931218239978,gilt
83,110.5831554976788,0.8820199829914347,148.6364327454176,365.55521742641116,8738.8577174696,5.457767936054098,18.44107121097296,3316.4970337314767,19.31395088634663,gilt
84,112.01567535042835,0.8796040752611618,148.31274021947112,366.23500828799473,8780.176942102476,5.529157774883941,18.46661580207787,3342.208251772905,19.38486956756863,gilt
85,113.45273649478268,0.8769827676021844,147.95172742721093,366.8585410070558,8820.809412967432,5.600783767521418,18.489459828914324,3367.869163703225,19.45214171601256,gilt
86,114.89415465181726,0.8741544745606641,147.55275103013662,367.42647307816515,8860.760060195344,5.6726368247391346,18.50951525333002,3393.4775986273658,19.51584120463591,gilt
87,116.33974313575044,0.871117710674104,147.1151663299785,367.93948598387016,8900.03402035614,5.7447077325908635,18.5266910559227,3419.031377884587,19.57604222696574,gilt
88,117.78931294421466,0.8678710927854664,146.63832756605115,368.3982845633595,8938.636628576167,5.816987156787523,18.540893113418065,3444.5283164712223,19.632819236260406,gilt
89,119.24267285119545,0.8644133422597268,146.12158822130064,368.80359636303467,8976.573410566367,5.889465647210733,18.552024069149798,3469.9662244613596,19.686246886249094,gilt
90,120.69962950254957,0.860743287098142,145.56430133691777,369.1561709693676,9013.850074577249,5.962133642559773,18.55998319616535,3495.3429084246145,19.736399973424387,gilt
91,122.15998751400798,0.8568598639456618,144.96581983536288,369.45677932439764,9050.472503296374,6.034981475127479,18.564666252443775,3520.656172840132,19.783353380863584,gilt
92,123.62354957156509,0.852762119987079,144.32549685161501,369.7062130242024,9086.446745703803,6.107999375700399,18.56596532767205,3545.903821505895,19.827182023555057,gilt
93,125.09011653415061,0.848449214727694,143.64268607242943,369.90528360066827,9121.779008900745,6.181177478578255,18.56376868098211,3571.0836589424207,19.86796079520637,gilt
94,126.55948753847582,0.8439204216544627,142.91674208335183,370.05482178686464,9156.475649926211,6.254505826707531,18.55796056900335,3596.1934917898543,19.90576451651132,gilt
95,128.031460105942,0.8391751297737976,142.1470207232066,370.15567676632816,9190.54316757621,6.327974376923791,18.54842106353349,3621.2311301974805,19.94066788485389,gilt
96,129.50583025149413,0.8342128450224193,141.33287944573866,370.2087154065516,9223.988194239575,6.4015730052971,18.535025858073872,3646.1943892046265,19.972745425427362,gilt
97,130.1533594027516,0.6475291512574707,141.33287944573866,370.2087154065516,9223.988194239575,6.475291512574707,18.5176460624137,3646.1943892046265,19.972745425427362,gilt
98,130.1533594027516,0.6475291512574707,141.33287944573866,370.2087154065516,9223.988194239575,6.475291512574707,18.5176460624137,3646.1943892046265,19.972745425427362,gilt
99,130.1533594027516,0.6475291512574707,141.33287944573866,370.2087154065516,9223.988194239575,6.475291512574707,18.5176460624137,3646.1943892046265,19.972745425427362,gilt
100,130.1533594027516,0.6475291512574707,141.33287944573866,370.2087154065516,9223.988194239575,6.475291512574707,18.5176460624137,3646.1943892046265,19.972745425427362,gilt
101,130.1533594027516,0.6475291512574707,141.33287944573866,370.2087154065516,9223.988194239575,6.475291512574707,18.5176460624137,3646.1943892046265,19.972745425427362,gilt
102,130.1533594027516,0.6475291512574707,141.33287944573866,370.2087154065516,9223.988194239575,6.475291512574707,18.5176460624137,3646.1943892046265,19.972745425427362,gilt
103,130.1533594027516,0.6475291512574707,141.33287944573866,370.2087154065516,9223.988194239575,6.475291512574707,18.5176460624137,3646.1943892046265,19.972745425427362,gilt
104,130.1533594027516,0.6475291512574707,141.33287944573866,370.2087154065516,9223.988194239575,6.475291512574707,18.5176460624137,3646.1943892046265,19.972745425427362,gilt
105,130.1533594027516,0.6475291512574707,141.33287944573866,370.2087154065516,9223.988194239575,6.475291512574707,18.5176460624137,3646.1943892046265,19.972745425427362,gilt
106,130.1533594027516,0.6475291512574707,141.33287944573866,370.2087154065516,9223.988194239575,6.475291512574707,18.5176460624137,3646.1943892046265,19.972745425427362,gilt
107,130.1533594027516,0.6475291512574707,141.33287944573866,370.2087154065516,9223.988194239575,6.475291512574707,18.5176460624137,3646.1943892046265,19.972745425427362,gilt
108,130.1533594027516,0.6475291512574707,141.33287944573866,370.2087154065516,9223.988194239575,6.475291512574707,18.5176460624137,3646.1943892046265,19.972745425427362,gilt
109,130.1533594027516,0.6475291512574707,141.33287944573866,370.2087154065516,9223.988194239575,6.475291512574707,18.5176460624137,3646.1943892046265,19.972745425427362,gilt
110,130.1533594027516,0.6475291512574707,141.33287944573866,370.2087154065516,9223.988194239575,6.475291512574707,18.5176460624137,3646.1943892046265,19.972745425427362,gilt
111,130.1533594027516,0.6475291512574707,141.33287944573866,370.2087154065516,9223.988194239575,6.475291512574707,18.5176460624137,3646.1943892046265,19.972745425427362,gilt
112,130.1533594027516,0.6475291512574707,141.33287944573866,370.2087154065516,9223.988194239575,6.475291512574707,18.5176460624137,3646.1943892046265,19.972745425427362,gilt
113,130.1533594027516,0.6475291512574707,141.33287944573866,370.2087154065516,9223.988194239575,6.475291512574707,18.5176460624137,3646.1943892046265,19.972745425427362,gilt
114,130.1533594027516,0.6475291512574707,141.33287944573866,370.2087154065516,9223.988194239575,6.475291512574707,18.5176460624137,3646.1943892046265,19.972745425427362,gilt
115,130.1533594027516,0.6475291512574707,141.33287944573866,370.2087154065516,9223.988194239575,6.475291512574707,18.5176460624137,3646.1943892046265,19.972745425427362,gilt
116,130.1533594027516,0.6475291512574707,141.33287944573866,370.2087154065516,9223.988194239575,6.475291512574707,18.5176460624137,3646.1943892046265,19.972745425427362,gilt
117,130.1533594027516,0.6475291512574707,141.33287944573866,370.2087154065516,9223.988194239575,6.475291512574707,18.5176460624137,3646.1943892046265,19.972745425427362,gilt
118,130.1533594027516,0.6475291512574707,141.33287944573866,370.2087154065516,9223.988194239575,6.475291512574707,18.5176460624137,3646.1943892046265,19.972745425427362,gilt
119,130.1533594027516,0.6475291512574707,141.33287944573866,370.2087154065516,9223.988194239575,6.475291512574707,18.5176460624137,3646.1943892046265,19.972745425427362,gilt
120,130.1533594027516,0.6475291512574707,141.33287944573866,370.2087154065516,9223.988194239575,6.475291512574707,18.5176460624137,3646.1943892046265,19.972745425427362,gilt
121,130.1533594027516,0.6475291512574707,141.33287944573866,370.2087154065516,9223.988194239575,6.475291512574707,18.5176460624137,3646.1943892046265,19.972745425427362,gilt
122,130.1533594027516,0.6475291512574707,141.33287944573866,370.2087154065516,9223.988194239575,6.475291512574707,18.5176460624137,3646.1943892046265,19.972745425427362,gilt
123,130.1533594027516,0.6475291512574707,141.33287944573866,370.2087154065516,9223.988194239575,6.475291512574707,18.5176460624137,3646.1943892046265,19.972745425427362,gilt
124,130.1533594027516,0.6475291512574707,141.33287944573866,370.2087154065516,9223.988194239575,6.475291512574707,18.5176460624137,3646.1943892046265,19.972745425427362,gilt
125,130.1533594027516,0.6475291512574707,141.33287944573866,370.2087154065516,9223.988194239575,6.475291512574707,18.5176460624137,3646.1943892046265,19.972745425427362,gilt
126,130.1533594027516,0.6475291512574707,141.33287944573866,370.2087154065516,9223.988194239575,6.475291512574707,18.5176460624137,3646.1943892046265,19.972745425427362,gilt
127,130.1533594027516,0.6475291512574707,141.33287944573866,370.2087154065516,9223.988194239575,6.475291512574707,18.5176460624137,3646.1943892046265,19.972745425427362,gilt
128,130.1533594027516,0.6475291512574707,141.33287944573866,370.2087154065516,9223.988194239575,6.475291512574707,18.5176460624137,3646.1943892046265,19.972745425427362,gilt
129,130.1533594027516,0.6475291512574707,141.33287944573866,370.2087154065516,9223.988194239575,6.475291512574707,18.5176460624137,3646.1943892046265,19.972745425427362,gilt
130,130.1533594027516,0.6475291512574707,141.33287944573866,370.2087154065516,9223.988194239575,6.475291512574707,18.5176460624137,3646.1943892046265,19.972745425427362,gilt
1,20.87915804790186,547.5431757264971,49.72492718563833,120.17786331123814,3247.405334916521,0.6713945998296363,0.0,1219.8151282616082,-2.096675537607273,barrow
2,21.559377031561212,554.9440353719401,49.96187330909379,125.61787946574313,3341.5961211221233,0.7003202268101903,5.276428926849012,1243.5061877764974,-1.7127827813506786,barrow
3,22.25113344653729,562.4001527867063,50.20255709135477,131.09385594975026,3436.3729766623,0.7298214861181828,5.3099643050893715,1267.2943806639446,-1.3257580508735303,barrow
4,22.9545495052943,569.9092580777865,50.447049329656096,136.60274698656175,3531.70095172057,0.7598859867554143,5.344097461638602,1291.1820816945044,-0.9359534109724428,barrow
5,23.66974575293509,577.4689506090253,50.69542184848681,142.14144275399846,3627.5441196956235,0.790500113624493,5.378840715192857,1315.1714785196937,-0.5437145499127619,barrow
6,24.396840923596663,585.0766961439647,50.94774749061325,147.70677069822227,3723.865601178244,0.8216490099257246,5.4142065907812755,1339.2645793163265,-0.14938089041500302,barrow
7,25.13595179320126,592.7298240630171,51.20410010621667,153.29549718484017,3820.6275913081336,0.8533165635610236,5.450207820455207,1363.4632196143457,0.24671431983307535,barrow
8,25.887193028625408,600.4255246649378,51.46455454002681,158.9043294795838,3917.791390502136,0.885485397830706,5.486857343714256,1387.7690683972296,0.6442439368361387,barrow
9,26.650677033360104,608.1608465629427,51.72918661632742,164.529918051071,4015.317438537378,0.9181368667032443,5.524168307653062,1412.1836335534467,1.042886866853713,barrow
10,27.426513789746448,615.9326941861812,51.99807312170455,170.1688591881644,4113.165351963776,0.9512510549292743,5.562154066811485,1436.7082667483178,1.4423280296291048,barrow
11,28.214810697882566,623.7378253976415,52.27129178540347,175.817697924276,4211.29396481037,0.9848067832591865,5.600828182709697,1461.3441677777937,1.8422583370801373,barrow
12,29.015672411309758,631.5728492398971,52.548921257154255,181.47293126063528,4309.661372538978,1.0187816190083923,5.640204423048485,1486.0923884588701,2.2423746862772655,barrow
13,29.829200669598055,639.4342238204357,52.83104108232141,187.13101168008575,4408.224979187035,1.0531518921957288,5.680296760553866,1510.9538361054756,2.642379965563497,barrow
14,30.655494127964257,647.3182543486134,53.11773167422684,192.78835094239253,4506.94154762908,1.0878927174583997,5.721119371443983,1535.929276633565,3.041983072698035,barrow
15,31.494648184068605,655.2210913365642,53.40907428349065,198.44132415137045,4605.767252873401,1.1229780219212853,5.762686633494948,1561.019337334709,3.440898943931766,barrow
16,32.34675480214967,663.1387289766509,53.70515096422868,204.08627408338205,4704.657738296947,1.1583805791693857,5.805013123681254,1586.2245093535842,3.8388485929477545,barrow
17,33.21190233467084,671.067003708275,54.006044536940436,209.7195157659291,4803.568174707808,1.1940720494396722,5.848113615365075,1611.545149901374,4.235559158623932,barrow
18,34.090175341665926,679.0015929870628,54.31183854791584,215.33734129417329,4902.4533221104575,1.2300230261127143,5.892003075007602,1636.9814842341307,4.630763960598348,barrow
19,34.98165440798554,686.9380142696114,54.62261722498456,220.9360248723018,5001.26759403481,1.266203088545327,5.936696658374422,1662.5336074225197,5.024202561639953,barrow
20,35.88641595866056,694.8716242271033,54.93846542942595,226.51182806569642,5099.965124275766,1.3025808612432876,5.982209706205751,1688.2014859370813,5.415620835849891,barrow
21,36.80453207261372,702.7976182011961,55.259468603853996,232.06100524889789,5198.499835875826,1.3391240793281358,6.028557739321068,1713.984959071106,5.804771041740236,barrow
22,37.736070294965025,710.7110299156222,55.58571271588626,237.57980923338005,5296.825512169243,1.3757996602044935,6.075756453126683,1739.8837402214363,6.191411899258851,barrow
23,38.68109344819177,718.606731456951,55.91728419740233,243.06449705818648,5394.895869692567,1.4125737812845598,6.1238217114935365,1765.897418045909,6.575308669851059,barrow
24,39.63965944241881,726.4794335378984,56.25426987919313,248.51133592553492,5492.664632753101,1.449411963574844,6.17276953997141,1792.025457514741,6.956233238671031,barrow
25,40.611821085129804,734.3236860564743,56.59675692079931,253.91660926257944,5590.08560943407,1.4862791608772592,6.222616118304701,1818.2672008719037,7.333964198078657,barrow
26,41.597625890604675,742.1338789640921,56.94483273533381,259.2766228896524,5687.112768803313,1.5231398543028984,6.273377772213825,1844.621868521405,7.708286931581113,barrow
27,42.59711588940385,749.9042434555494,57.29858490908155,264.5877112744862,5783.700319080956,1.5599581517427221,6.32507096440533,1871.088559852387,8.078993697402625,barrow
28,43.61032743823378,757.6288534935048,57.658101115667456,269.8462438511677,5879.8027865113045,1.5966978918855892,6.3777122847728505,1897.6662540160448,8.4458837108911,barrow
29,44.63729103054292,765.3016276797306,58.02346902458278,275.04863138189023,5975.37509467472,1.6333227523212026,6.431318439750247,1924.3538106665421,8.80876322499668,barrow
30,45.67803110821119,772.9163314850084,58.394776203859905,280.1913323389868,6070.372643967262,1.6697963612142717,6.485906240777338,1951.1499706773684,9.167445608084737,barrow
31,46.73256587470951,780.4665798490532,58.77211001668602,285.27085928421343,6164.751390968758,1.7060824119872342,6.541492591838101,1978.0533568438955,9.521751418374395,barrow
32,47.800907110119056,787.9458401612949,59.155557511748036,290.2837852218626,6258.467927414491,1.7421447804028942,6.598094476030554,2005.0624745822754,9.87150847432387,barrow
33,48.88305998841249,795.347435632721,59.545205307103636,295.22674990199386,6351.479558481502,1.777947643396067,6.655728941127064,2032.1757126342502,10.216551920315135,barrow
34,49.97902289741124,802.6645490682781,59.94113946737753,300.0964660498956,6443.744380097837,1.8134555989654577,6.714413084083548,2059.3913437869164,10.556724287023222,barrow
35,51.08878726184427,809.8902270485544,60.34344537408682,304.88972549784523,6535.221354982046,1.8486337864042224,6.774164034455873,2086.707525615989,10.891875545889517,barrow
36,52.21233736994394,817.0173845286047,60.752207588906444,309.6034051953092,6625.870387120785,1.8834480061206194,6.834998936681715,2114.1223012606615,11.221863157153917,barrow
37,53.34965020402445,824.0388098608473,61.167509709693796,314.2344730739385,6715.6523943946795,1.917864838279462,6.896934931186439,2141.6336002376993,11.546552110937437,barrow
38,54.50069527549654,830.9471702479468,61.58943421910122,318.77999374405965,6804.529379066596,1.9518517594812808,6.959989134271912,2169.2392393020177,11.86581496090491,barrow
39,55.66543446478003,837.7350176305092,62.018062325617294,323.2371339998404,6892.464495852193,1.9853772566896604,7.024178616747859,2196.9369233605694,12.179531850076653,barrow
40,56.843821866581955,844.3947950132446,62.45347379689086,327.6031681109321,6979.42211730016,2.018410937618555,7.089520381266327,2224.724246446007,12.48759052839824,barrow
41,58.035803641013466,850.9188432320125,62.895746785208416,331.8754828791445,7065.367896218742,2.0509236368007637,7.156031338320949,2252.5986927561967,12.789886361718885,barrow
42,59.24131787102239,857.2994081628453,63.3449576450123,336.0515824396014,7150.268824896146,2.0828875165764216,7.22372828087434,2280.557637765306,13.086322331871049,barrow
43,60.46029442662118,863.5286483726585,63.80118074236863,340.12909278684305,7234.0932908749965,2.1142761622663557,7.292627857578739,2308.5983494118314,13.37680902758673,barrow
44,61.69265483639081,869.5986432098966,64.26448825631601,344.10576600749397,7316.811129055271,2.1450646708294796,7.362746544557234,2336.717989368561,13.661264626029453,barrow
45,62.938312166741,875.5014013318461,64.73494997205209,347.9794842023826,7398.393669915928,2.175229732345878,7.4341006157155896,2364.913614399149,13.939614864764648,barrow
46,64.1971709094052,881.2288696637563,65.2126330659429,351.74826308237976,7478.813783662636,2.2047497037175736,7.506706111557665,2393.1821778055937,14.211793004035366,barrow
47,65.46912687764491,886.7729427832785,65.69760188237176,355.4102552237172,7558.045920127623,2.2336046740367594,7.580578806480922,2421.5205309705825,14.477739779254133,barrow
48,66.75406711163282,892.1254727220369,66.18991770247838,358.9637529701224,7636.06614426742,2.26177652113599,7.655734174532477,2449.925424998308,14.737403343666033,barrow
49,68.05186979347704,897.2782791744112,66.68963850487626,362.40719097078704,7712.852167125229,2.289248958905776,7.732187353610611,2478.393512457001,14.99073920118129,barrow
50,69.36240417233974,902.2231601018423,67.19681871847759,365.73914834491706,7788.383372146438,2.3160075750414473,7.809953108101611,2506.9213492260815,15.237710129419051,barrow
51,70.68553050009294,906.9519027191625,67.71150896759872,368.9583504654296,7862.640836758511,2.3420398589621776,7.889045789947419,2535.505396450441,15.478286093046123,barrow
52,72.02109997794112,911.4562948476265,68.23375580956638,372.06367035620525,7935.607349149716,2.3673352197296826,7.969479298145582,2564.142022604037,15.712444147535834,barrow
53,73.36895471442624,915.7281366174777,68.76360146509668,375.05412969919786,8007.267420204982,2.391884993881322,8.051267036689826,2592.8275056645816,15.94016833351232,barrow
54,74.72892769521383,919.7592525010352,69.30108354177253,377.9288994496103,8077.607290581107,2.4156824431810184,8.134421870966834,2621.558035400755,16.161449561884528,barrow
55,76.10084276504055,923.5415036554393,69.84623475100338,380.6873000592594,8146.614932927819,2.438722742380385,8.218956082632808,2650.329715772967,16.37628549001124,barrow
56,77.48451462218317,927.0668005523637,70.39908261891294,383.3288013101574,8214.280049285135,2.4610029571706002,8.304881323002027,2679.138567448347,16.58468038917432,barrow
57,78.87974882578645,930.3271158701912,70.95964919166443,385.85302176222257,8280.594063711389,2.4825220125917085,8.392208564988914,2707.9805304302154,16.786645003670802,barrow
58,80.28634181636355,933.3144976223732,71.52795073580195,388.25972782087223,8345.550110219572,2.5032806522489675,8.480948053654998,2736.8514668019316,16.98219640186636,barrow
59,81.70408094975569,936.0210824939602,72.1039974342571,390.54883243204694,8409.143016122442,2.5232813887645706,8.571109255422888,2765.747163584599,17.171357819581864,barrow
60,83.13274454481085,938.4391093566222,145.34331270605244,392.720393413938,8471.369280908802,2.5425284459664557,8.662700806030509,2794.6633357077367,17.354158496212253,barrow
61,84.57210194501056,940.5609329308523,145.3241432630908,394.774611436342,8532.227050794332,2.5610276933830227,17.33796827158551,2823.5956290915988,17.5306335040012,barrow
62,86.02191359424316,942.379037562533,145.2679121698047,396.7118276601179,8591.716089110252,2.5787865736725957,17.383415794173253,2852.5396238394756,17.700823570917837,barrow
63,87.4819311268882,943.8860510795864,145.17374567752526,398.53252105068276,8649.837742711767,2.595814023668579,17.426313683118515,2881.4908375378636,17.86477489760077,barrow
64,88.95189747234262,945.0747586930968,145.04076170496393,400.237305380818,8706.594904605412,2.612120389764925,17.466772070604353,2910.444728662041,18.02253896885213,barrow
65,90.43154697408272,945.9381169060556,144.8680702534343,401.8269259392817,8761.99197301024,2.6277173384012578,17.504693347625395,2939.396700084172,18.174172360178108,barrow
66,91.920605523319,946.4692673917724,144.65477384181696,403.3022559628135,8816.034807081865,2.642617762432425,17.539976155944263,2968.3421026806895,18.319736539884424,barrow
67,93.41879070726192,946.6615508030167,144.3999679612748,404.6642928100689,8868.730679540851,2.6568356841833163,17.572515245032143,2997.276239035325,18.459297667243458,barrow
68,94.9258119719776,946.5085204721142,144.10274154968496,405.91415389684005,8920.088226457585,2.670386155996314,17.60220132096327,3026.194367233776,18.59292638725627,barrow
69,96.44137079977101,946.0039559615484,143.7621774857055,407.0530724125819,8970.11739445466,2.683285159076077,17.62892088664212,3055.091704745648,18.72069762253581,barrow
70,97.96516090099371,945.1418764240744,143.37735310235013,408.08239283878834,9018.829385594783,2.6955495014245647,17.652556072688913,3083.9634323889363,18.842690362838542,barrow
71,99.49686842013068,943.9165537310142,142.9473407198901,409.0035662901395,9066.236600227403,2.707196715638909,17.672984458250436,3112.8046983720046,18.958987452769787,barrow
72,101.03617215597866,942.322525327201,142.4712081978529,409.81814569956043,9112.352578070486,2.718244957316331,17.69007888093973,3141.6106224076275,19.069675378184062,barrow
73,102.58274379568559,940.3546067710538,141.94801950583084,410.5277808684274,9157.191937805388,2.72871290477455,17.70370723503882,3170.37629989342,19.174844051794736,barrow
74,104.13624816237814,938.0079039184342,141.37683531275388,411.1342134030884,9200.770315462314,2.738619660753736,17.713732257022738,3199.096806152606,19.274586598498797,barrow
75,105.69634347606173,935.2778247093198,140.7567135942232,411.6392715586806,9243.104301871825,2.7479846567178834,17.720011297380392,3227.7672007288434,19.368999140911374,barrow
76,107.26268162743499,932.1600905168895,140.0867102574378,412.0448650108992,9284.21137945397,2.756827560320431,17.722396077616978,3256.382531728528,19.458180585591705,barrow
77,108.83490846421897,928.6507470193825,139.36587978318386,412.3529795759277,9324.10985861124,2.765168186541961,17.720732431223404,3284.9378402037655,19.542232410427555,barrow
78,110.41266408956034,924.7461745560429,138.59327588428815,412.56567189818895,9362.818813984635,2.7730264129478384,17.714860027289347,3313.4281645689525,19.621258453628634,barrow
79,111.99558317202732,920.4430979296193,137.76795217987112,412.6850641248977,9400.35802082368,2.7804220994516613,17.704612075316746,3341.848545043733,19.695364704761655,barrow
80,113.58329526667872,915.738595619225,136.88896288466293,412.7133385856561,9436.747891711764,2.7873750129073858,17.689815009659487,3370.194028114881,19.764659098240315,barrow
81,115.1754251466477,910.6301083689051,135.95536351257593,412.65273249447694,9472.009413877187,2.793904756789789,17.67028815187024,3398.4596710095216,19.829251309663277,barrow
82,116.77159314464654,905.1154471189641,134.96621159365472,412.505532690715,9506.164087308562,2.8000307061605136,17.64584334907627,3426.6405461719605,19.889252555371723,barrow
83,118.37141550376343,899.1928002490085,133.9205674034506,412.2740704344103,9539.233863880398,2.805771948056054,17.616284586330554,3454.7317457362697,19.944775395575757,barrow
84,119.97450473688974,892.8607401037216,132.81749470379467,411.9607162705165,9571.241087681143,2.8111472273754146,17.581407570690654,3482.728385986725,19.995933541376466,barrow
85,121.5804699940857,886.118228774614,131.65606149386852,411.5678749754354,9602.208436721818,2.8161748982895234,17.540999284563426,3510.6256117980915,20.042841665986717,barrow
86,123.1889174371636,878.9646231133772,130.4353407703997,411.09798059818206,9632.158866188645,2.820872881142298,17.494837505616605,3538.4186010477624,20.08561522043049,barrow
87,124.79945062074157,871.3996789549831,129.15441129573367,410.5534916074048,9661.115553388065,2.825258624765054,17.442690290295356,3566.1025689917215,20.1243702539768,barrow
88,126.41167087899734,863.4235545313231,127.8123583724643,409.9368861543775,9689.101844517225,2.8293490740821077,17.384315417690086,3593.6727725963488,20.159223239540232,barrow
89,128.02517771733028,855.0368130589557,126.40827462323409,409.25065746098005,9716.141203377701,2.8331606428461447,17.319459790177667,3621.1245148181206,20.190290904256962,barrow
90,129.63956920812163,846.2404244873762,124.94126077424683,408.4973093405972,9742.257162134769,2.8367091913075306,17.247858786897396,3648.4531488233565,20.217690065421408,barrow
91,130.41740662337037,0.7778374152487298,124.94126077424683,408.4973093405972,9742.257162134769,7.778374152487298,17.169235565720847,3648.4531488233565,20.217690065421408,barrow
92,130.41740662337037,0.7778374152487298,124.94126077424683,408.4973093405972,9742.257162134769,7.778374152487298,17.169235565720847,3648.4531488233565,20.217690065421408,barrow
93,130.41740662337037,0.7778374152487298,124.94126077424683,408.4973093405972,9742.257162134769,7.778374152487298,17.169235565720847,3648.4531488233565,20.217690065421408,barrow
94,130.41740662337037,0.7778374152487298,124.94126077424683,408.4973093405972,9742.257162134769,7.778374152487298,17.169235565720847,3648.4531488233565,20.217690065421408,barrow
95,130.41740662337037,0.7778374152487298,124.94126077424683,408.4973093405972,9742.257162134769,7.778374152487298,17.169235565720847,3648.4531488233565,20.217690065421408,barrow
96,130.41740662337037,0.7778374152487298,124.94126077424683,408.4973093405972,9742.257162134769,7.778374152487298,17.169235565720847,3648.4531488233565,20.217690065421408,barrow
97,130.41740662337037,0.7778374152487298,124.94126077424683,408.4973093405972,9742.257162134769,7.778374152487298,17.169235565720847,3648.4531488233565,20.217690065421408,barrow
98,130.41740662337037,0.7778374152487298,124.94126077424683,408.4973093405972,9742.257162134769,7.778374152487298,17.169235565720847,3648.4531488233565,20.217690065421408,barrow
99,130.41740662337037,0.7778374152487298,124.94126077424683,408.4973093405972,9742.257162134769,7.778374152487298,17.169235565720847,3648.4531488233565,20.217690065421408,barrow
100,130.41740662337037,0.7778374152487298,124.94126077424683,408.4973093405972,9742.257162134769,7.778374152487298,17.169235565720847,3648.4531488233565,20.217690065421408,barrow
101,130.41740662337037,0.7778374152487298,124.94126077424683,408.4973093405972,9742.257162134769,7.778374152487298,17.169235565720847,3648.4531488233565,20.217690065421408,barrow
102,130.41740662337037,0.7778374152487298,124.94126077424683,408.4973093405972,9742.257162134769,7.778374152487298,17.169235565720847,3648.4531488233565,20.217690065421408,barrow
103,130.41740662337037,0.7778374152487298,124.94126077424683,408.4973093405972,9742.257162134769,7.778374152487298,17.169235565720847,3648.4531488233565,20.217690065421408,barrow
104,130.41740662337037,0.7778374152487298,124.94126077424683,408.4973093405972,9742.257162134769,7.778374152487298,17.169235565720847,3648.4531488233565,20.217690065421408,barrow
105,130.41740662337037,0.7778374152487298,124.94126077424683,408.4973093405972,9742.257162134769,7.778374152487298,17.169235565720847,3648.4531488233565,20.217690065421408,barrow
106,130.41740662337037,0.7778374152487298,124.94126077424683,408.4973093405972,9742.257162134769,7.778374152487298,17.169235565720847,3648.4531488233565,20.217690065421408,barrow
107,130.41740662337037,0.7778374152487298,124.94126077424683,408.4973093405972,9742.257162134769,7.778374152487298,17.169235565720847,3648.4531488233565,20.217690065421408,barrow
108,130.41740662337037,0.7778374152487298,124.94126077424683,408.4973093405972,9742.257162134769,7.778374152487298,17.169235565720847,3648.4531488233565,20.217690065421408,barrow
109,130.41740662337037,0.7778374152487298,124.94126077424683,408.4973093405972,9742.257162134769,7.778374152487298,17.169235565720847,3648.4531488233565,20.217690065421408,barrow
110,130.41740662337037,0.7778374152487298,124.94126077424683,408.4973093405972,9742.257162134769,7.778374152487298,17.169235565720847,3648.4531488233565,20.217690065421408,barrow
111,130.41740662337037,0.7778374152487298,124.94126077424683,408.4973093405972,9742.257162134769,7.778374152487298,17.169235565720847,3648.4531488233565,20.217690065421408,barrow
112,130.41740662337037,0.7778374152487298,124.94126077424683,408.4973093405972,9742.257162134769,7.778374152487298,17.169235565720847,3648.4531488233565,20.217690065421408,barrow
113,130.41740662337037,0.7778374152487298,124.94126077424683,408.4973093405972,9742.257162134769,7.778374152487298,17.169235565720847,3648.4531488233565,20.217690065421408,barrow
114,130.41740662337037,0.7778374152487298,124.94126077424683,408.4973093405972,9742.257162134769,7.778374152487298,17.169235565720847,3648.4531488233565,20.217690065421408,barrow
115,130.41740662337037,0.7778374152487298,124.94126077424683,408.4973093405972,9742.257162134769,7.778374152487298,17.169235565720847,3648.4531488233565,20.217690065421408,barrow
116,130.41740662337037,0.7778374152487298,124.94126077424683,408.4973093405972,9742.257162134769,7.778374152487298,17.169235565720847,3648.4531488233565,20.217690065421408,barrow
117,130.41740662337037,0.7778374152487298,124.94126077424683,408.4973093405972,9742.257162134769,7.778374152487298,17.169235565720847,3648.4531488233565,20.217690065421408,barrow
118,130.41740662337037,0.7778374152487298,124.94126077424683,408.4973093405972,9742.257162134769,7.778374152487298,17.169235565720847,3648.4531488233565,20.217690065421408,barrow
119,130.41740662337037,0.7778374152487298,124.94126077424683,408.4973093405972,9742.257162134769,7.778374152487298,17.169235565720847,3648.4531488233565,20.217690065421408,barrow
120,130.41740662337037,0.7778374152487298,124.94126077424683,408.4973093405972,9742.257162134769,7.778374152487298,17.169235565720847,3648.4531488233565,20.217690065421408,barrow
121,130.41740662337037,0.7778374152487298,124.94126077424683,408.4973093405972,9742.257162134769,7.778374152487298,17.169235565720847,3648.4531488233565,20.217690065421408,barrow
122,130.41740662337037,0.7778374152487298,124.94126077424683,408.4973093405972,9742.257162134769,7.778374152487298,17.169235565720847,3648.4531488233565,20.217690065421408,barrow
123,130.41740662337037,0.7778374152487298,124.94126077424683,408.4973093405972,9742.257162134769,7.778374152487298,17.169235565720847,3648.4531488233565,20.217690065421408,barrow
124,130.41740662337037,0.7778374152487298,124.94126077424683,408.4973093405972,9742.257162134769,7.778374152487298,17.169235565720847,3648.4531488233565,20.217690065421408,barrow
125,130.41740662337037,0.7778374152487298,124.94126077424683,408.4973093405972,9742.257162134769,7.778374152487298,17.169235565720847,3648.4531488233565,20.217690065421408,barrow
126,130.41740662337037,0.7778374152487298,124.94126077424683,408.4973093405972,9742.257162134769,7.778374152487298,17.169235565720847,3648.4531488233565,20.217690065421408,barrow
127,130.41740662337037,0.7778374152487298,124.94126077424683,408.4973093405972,9742.257162134769,7.778374152487298,17.169235565720847,3648.4531488233565,20.217690065421408,barrow
128,130.41740662337037,0.7778374152487298,124.94126077424683,408.4973093405972,9742.257162134769,7.778374152487298,17.169235565720847,3648.4531488233565,20.217690065421408,barrow
129,130.41740662337037,0.7778374152487298,124.94126077424683,408.4973093405972,9742.257162134769,7.778374152487298,17.169235565720847,3648.4531488233565,20.217690065421408,barrow
130,130.41740662337037,0.7778374152487298,124.94126077424683,408.4973093405972,9742.257162134769,7.778374152487298,17.169235565720847,3648.4531488233565,20.217690065421408,barrow
1,19.578090250399036,523.0254867122377,43.903959142627734,109.02487204011393,3000.320506094753,0.8775937480327153,0.0,1173.6224862485328,-2.138200907885257,male
2,20.244568472299978,529.4315901481509,44.125770058658524,113.14369726596878,3077.955481956679,0.9003019784723285,4.412442497763529,1197.4333248686623,-1.7688431971513658,male
3,20.92217172111648,535.8912695104043,44.35174905319828,117.27258933670969,3155.8383482093354,0.9230827168512306,4.4417754986589655,1221.3222905193975,-1.39943435327004,male
4,21.611030008662187,542.4030854978903,44.58198724366221,121.41019191482455,3233.956610255141,0.9459323084996288,4.471694125259536,1245.2928828226286,-1.030259937666726,male
5,22.31127272422433,548.9655055015098,44.8165776535942,125.55512369409618,3312.297260099338,0.9688469485790563,4.502212029922522,1269.3483800202523,-0.661594976807738,male
6,23.023028534425126,555.576901131226,45.05561523960554,129.70597849149718,3390.8467904346116,0.9918226862021239,4.533343174394242,1293.4918516243022,-0.2937043191711335,male
7,23.74642527992079,562.2355457546846,45.299196917591075,133.86132544642695,3469.591208722569,1.0148554285513514,4.56510183626082,1317.7261697295676,0.07315703071913404,male
8,24.481589868932677,568.9396120524439,45.54742158811197,138.01970932237555,3548.516051362222,1.0379409450234498,4.597502615362476,1342.0540191414239,0.43874359959680165,male
9,25.228648167610334,575.6871695951266,45.80039016082604,142.17965090678442,3627.6063980240897,1.0610748714220462,4.630560440162808,1366.4779064516083,0.8028191525932961,male
10,25.987724887231675,582.4761824480688,46.05820557783784,146.33964750542185,3706.8468862183263,1.0842527142188603,4.664290574063011,1391.0001681776907,1.1651564188052228,male
11,26.758943468251598,589.3045068093036,46.32097283583115,150.4981735280337,3786.2217261562137,1.1074698549006925,4.698708621649208,1415.6229780675073,1.5255368339672615,male
12,27.542425961216352,596.1698886869935,46.58879900683672,154.65368116237812,3865.714715956222,1.130721554417195,4.7338305348594885,1440.348353657418,1.8837502989902597,male
13,28.338292904567552,603.0699616226852,46.86179325747751,158.8046011340187,3945.3092572384026,1.1540029577422326,4.769672619055522,1465.1781621626144,2.2395949532009807,male
14,29.14666319936655,610.0022444670253,47.14006686652272,162.94934354945565,4024.9883711441707,1.17730909855967,4.806251538981859,1490.1141257685397,2.5928769611919487,male
15,29.967653980976962,616.9641392148459,47.42373324057043,167.08629882031687,4104.734714812293,1.2006349040825954,4.843584324594246,1515.1578263845802,2.9434103122572863,male
16,30.801380487750578,623.9529289067791,47.71290792766594,171.2138386664279,4184.530598336119,1.2239752000133146,4.881688376736376,1540.310709914341,3.2910166314535867,male
17,31.647955926769654,630.9657756048194,48.00770862865071,175.33031719563394,4264.358002221743,1.2473247156498597,4.920581472642587,1565.5740900908854,3.635525001384005,male
18,32.50749133670654,637.9997184494983,48.30825520602264,179.43407205826617,4344.1985953616595,1.2706780891432852,4.960281771241917,1590.9491519201495,3.976771793859175,male
19,33.38009544787007,645.0516718065787,48.6146696900749,183.52342567413024,4424.033753533706,1.2940298729086088,5.000807818236879,1616.4369547712506,4.31460051064047,male
20,34.26587453951656,652.1184235114058,48.9270762820651,187.59668652986056,4503.844578430529,1.3173745391909297,5.0421785509280195,1642.0384351484652,4.64886163251971,male
21,35.16493229451245,659.1966332192733,49.24560135415167,191.6521505444193,4583.6119172204235,1.3407064857869737,5.084413302753033,1667.754409176218,4.97941247603518,male
22,36.07736965144441,666.2828308703749,49.57037344581769,195.68810250044078,4663.31638263622,1.3640200419210942,5.127531807506712,1693.5855748253964,5.3061170571665,male
23,37.00328465428262,673.3734152781044,49.90152325648609,199.70281753902702,4742.938373584866,1.3873094742735732,5.171554203205545,1719.532513906658,5.6288459613912725,male
24,37.94277229971225,680.4646528496494,50.23918363401214,203.69456271549296,4822.45809626651,1.4105689931579541,5.21650103555798,1745.59569385405,5.94747621952423,male
25,38.89592438225822,687.5526764479882,50.583489558721325,207.66159861343488,4901.855585788062,1.433792758843008,5.262393260998654,1771.7754693201978,6.261891188795218,male
26,39.86282933733858,694.6334844045446,50.93457812264189,211.6021810143767,4981.110728252712,1.456974888013918,5.3092522492419185,1798.0720836025082,6.5719804386561105,male
27,40.84357208239183,701.7029396918758,51.29258850356186,215.5145626201061,5060.203283303267,1.4801094603662055,5.357099785306964,1824.4856699181928,6.8776396408382645,male
28,41.83823385623445,708.7567692658798,51.65766193352022,219.39699482468356,5139.112907093947,1.5031905253249793,5.405958070963602,1851.0162525445062,7.17877046321238,male
29,42.84689205681517,715.790563587075,52.029941661321715,223.24772953295872,5217.819175661882,1.5262121088811003,5.455849725544522,1877.663747839301,7.4752804670308794,male
30,43.869620077543445,722.7997763305657,52.40957290864338,227.06502102229612,5296.3016086666,1.5491682205349806,5.506797786066326,1904.4279651558804,7.7670830071599175,male
31,44.906487142380584,729.7797242943299,52.7967028192794,230.84712784406526,5374.5396934626815,1.5720528603378343,5.558825706598107,1931.3086076651002,8.054097134933802,male
32,45.9575581398927,736.7255875154515,53.191480401049205,234.59231476132211,5452.5129094680115,1.5948600260193933,5.6119573568126135,1958.3052730967797,8.336247503288826,male
33,47.02289345647584,743.6324096038943,53.594056459871524,238.29885471896927,5530.200752787323,1.6175837201902918,5.666217019651227,1985.4174544116565,8.613464273856811,male
34,48.102548808974504,750.4950983033301,54.00458352548433,241.96503084256125,5607.582761048179,1.6402179576065923,5.721629388030088,2012.6445404143956,8.885683025720784,male
35,49.19657507692577,757.3084262884371,54.42321576826873,245.58913846180002,5684.638538404199,1.6627567724832282,5.778219560510567,2039.9858163175052,9.152844665556286,male
36,50.30501813467218,764.0670322079307,54.850108906611965,249.16948715465804,5761.347780658085,1.6851942258424897,5.83601303585326,2067.440464265412,9.414895338902099,male
37,51.4279186835973,770.7654219824125,55.285420104222744,252.70440280796274,5837.6903004550195,1.707524412883093,5.895035706370381,2095.007563827414,9.67178634232355,male
38,52.56531208474838,777.3979703658933,55.72930785679015,256.19222969018915,5913.6460524951235,1.7297414703548235,5.9553138499872285,2122.686092467736,9.923474036250092,male
39,53.7172281921212,783.9589227795814,56.18193186735596,259.6313325321312,5989.195158712073,1.7518395839232812,6.016874120918987,2150.4749260004673,10.16991975828669,male
40,54.883691186892264,790.4423974262156,56.64345290975006,263.02009861105535,6064.317933363519,1.773812995508829,6.0797435388648156,2178.3728390367437,10.411089736815741,male
41,56.06471941289338,796.8423876928667,57.11403267941871,266.35693983389234,6138.994907977737,1.795656010583488,6.143949476616884,2206.3785054311693,10.646955004722576,male
42,57.260325213633365,803.152764849726,57.59383363095744,269.64029481498704,6213.206856099976,1.8173630054092427,6.209519645977543,2234.4904987341097,10.877491313093598,male
43,58.47051477118075,809.3672810519544,58.08301880164385,272.86863094390674,6286.934817781196,1.8389284342009997,6.276482081873707,2262.707292656175,11.102679044751167,male
44,59.69528794723018,815.4795726511582,58.581751620250586,276.04044643880474,6360.160123751402,1.860346836197285,6.344865124553295,2291.0272615508916,11.322503127504133,male
45,60.93463812668331,821.483163822521,59.090195700406746,279.1542723808476,6432.864419219482,1.8816128426216985,6.414697399744523,2319.448680921289,11.53695294700691,male
46,62.188552064083105,827.3714705130103,59.608514617766126,282.2086747252464,6505.0296872414865,1.9027211835181346,6.486007796655097,2347.969727955843,11.746022259133571,male
47,63.457009733247126,833.1378047154424,60.136871670234164,285.20225628447776,6576.638271599507,1.9236666944428555,6.558825443684695,2376.5884820989654,11.94970910178648,male
48,64.73998418045234,838.7753790724817,60.6754296205025,288.1336586793413,6647.672899133801,1.9444443229966368,6.633179681720882,2405.302925660976,12.148015706071437,male
49,66.03744138152942,844.2773118139069,61.2243504201415,291.0015642535854,6718.116701471617,1.9650491351804478,6.709100034885681,2434.110944472247,12.340948406783363,male
50,67.3493401032298,849.6366320296829,61.783794914506785,293.80469794792646,6787.953236097143,1.9854763215584144,6.786616178597535,2463.01032858599,12.528517552157854,male
51,68.67563176923295,854.8462852805233,62.35392252772706,296.5418291294019,6857.166506708364,2.0057212032121967,6.8657579048114386,2491.998773033911,12.710737412855211,male
52,70.01626033116432,859.8991395467426,62.934890927057616,299.21177337211947,6925.740982808006,2.0257792374713417,6.946555084298694,2521.0738786387356,12.88762609015368,male
53,71.37116214499773,864.7879915152564,63.5268556659077,301.8133941856207,6993.66161847776,2.045646023404745,7.029037625827055,2550.2331528873933,13.059205423338808,male
54,72.7402658532163,869.5055732036019,64.12996980488097,304.34560468721827,7060.913870286769,2.06531730705888,7.113235432102161,2579.474010868414,13.225500896285183,male
55,74.12349227310764,874.0445589188248,64.74438351020702,306.80736921484663,7127.483714287841,2.0847889864291935,7.199178352332282,2608.793776276876,13.386541543235767,male
56,75.52075429156743,878.3975725480193,65.37024362899021,309.1977048771412,7193.357662057229,2.1040571161517394,7.286896131280346,2638.1896824900195,13.54235985379244,male
57,76.9319567667846,882.5571951761904,66.00769324075944,311.5156830376528,7258.522775736619,2.1231179119029613,7.37641835467054,2667.658873716417,13.692991677139272,male
58,78.35699643717807,886.5159730259854,66.65687118487034,313.7604307303022,7322.966682038862,2.1419677544963673,7.4677743908211855,2697.198406221364,13.838476125527318,male
59,79.79576183795098,890.2664257126651,67.31791156339084,315.93113200338337,7386.677585182133,2.1606031936657737,7.560993328381498,2726.805249630932,13.978855477056738,male
60,81.24813322562312,893.8010548064831,67.9909432191922,318.0270291896372,7449.6442787205115,2.1790209515257497,7.656103910057311,2756.4762883168805,14.114175077798086,male
61,82.71398251089592,897.1123526934373,68.67608918907256,320.04742410012636,7511.856156242455,2.197217925700918,7.7531344622198475,2786.20832286441,14.244483243300532,male
62,84.1931732001963,900.1928117241075,69.37346613185734,321.9916791398547,7573.303220912224,2.2151911921168255,7.852112820302772,2815.998071624491,14.369831159539983,male
63,85.68556034623673,903.0349336390464,70.0831837315546,323.8592183432915,7633.976093833134,2.2329380074461915,7.9530662499055245,2845.8421723522497,14.490272783364551,male
64,87.19099050791831,905.6312392579327,70.8053440757908,325.64952832816226,7693.866021215312,2.2504558112054784,8.056021363536138,2875.737183932687,14.6058647424992,male
65,88.70930171989218,907.9742784184293,71.54004100991732,327.3621591660736,7752.964880334601,2.2677422274978705,8.161004032944119,2905.679588194704,14.716666235174674,male
66,90.24032347208085,910.0566401494268,72.28735946735812,328.99672516873426,7811.265184273291,2.2847950663999375,8.268039297013772,2935.665791814209,14.82273892944914,male
67,91.78387669944752,911.8709630621038,73.04737477696754,330.55290558871764,7868.760085437408,2.3016123249904417,8.37715126521075,2965.6921283067923,14.924146862293204,male
68,93.33977378228465,913.4099459409936,73.82015194838228,332.03044523388104,7925.443377849368,2.31819218802094,8.488363016599745,2995.7548601102094,15.02095633851118,male
69,94.90781855727667,914.6663585160336,74.60574493658449,333.4291549947192,7981.30949821895,2.3345330282290426,8.601696494479171,3025.850180756663,15.11323582957274,male
70,96.48780633957298,915.6330523953714,75.40419588714457,334.74891228406705,8036.353525799563,2.350633406296372,8.71717239670946,3055.974217134585,15.201055872430258,male
71,98.07952395608756,916.3029721375628,76.21553436387921,335.98966138869116,8090.571181040841,2.366492070454446,8.834810061845648,3086.123031839389,15.284488968397467,male
72,99.68274979022084,916.6691664406669,77.03977656094688,337.1514137324155,8143.958823052601,2.3821079557428857,8.954627351221568,3116.292625612375,15.363609482165192,male
73,101.29725383817706,916.7247994246763,77.87692450170354,338.2342480505109,8196.51344589905,2.3974801829254724,9.076640527173245,3146.478939866707,15.438493541029516,male
74,102.92279777702701,916.4631619827164,78.726965226959,339.2383104751358,8248.232673745948,2.4126080570706896,9.200864127631915,3176.677859299126,15.50921893440686,male
75,104.55913504464168,915.8776831754817,79.58986997560432,340.1638145316647,8299.114754887072,2.4274910658044684,9.327310837363305,3206.885214585778,15.575865013709382,male
76,106.20601093159667,914.9619416425007,80.46559336092434,341.0110410457501,8349.158554679883,2.442128877243866,9.455991356178702,3237.0967851603014,15.638512592652395,male
77,107.86316268512086,913.7096770030059,81.3540725462608,341.7803379609696,8398.363547423629,2.4565213376214117,9.586914264495155,3267.308302072007,15.69724384806392,male
78,109.53031962513516,912.1148012184585,82.25522642405272,342.472120066873,8446.729807216292,2.470668468610765,9.720085886676296,3297.515450921782,15.752142221264142,male
79,111.20720327239924,910.1714098881298,165.49691505429314,272.98214587050273,8494.25799782983,2.4845704643652256,9.855510152641955,3327.7138748730395,15.740633691498736,male
80,112.89352748875464,907.8737934486003,165.4550156905584,274.3381614072911,8540.949361645882,2.4982276882814203,19.686175739069675,3357.8991777348233,15.728187741821078,male
81,114.5889986294235,905.2164482475732,165.36823621624242,275.6668381352519,8586.805707696705,2.5116406695012863,19.74236793878156,3388.0669271138872,15.714842953690336,male
82,116.29331570729153,902.194087462065,165.23548304130549,276.9696496790566,8631.829398858426,2.5248100991660896,19.79532367794222,3418.2126576323813,15.700639446577759,male
83,118.00617056907336,898.8016518307875,165.05565518634808,278.248121525042,8676.023338245795,2.5377368264368947,19.845403030059323,3448.3318742074803,15.685618767196939,male
84,119.72724808322728,895.0343201704147,164.82764493221407,279.5038290551086,8719.39095485944,2.550421854296386,19.892486408814754,3478.420055389113,15.669823780413612,male
85,121.45622633945528,890.8875196454164,164.5503385010651,280.73839549401936,8761.936188538235,2.5628663351474334,19.936449756257023,3508.4726567517023,15.653298561881869,male
86,123.19277685959273,886.356935761251,164.2226167689743,281.9534897747164,8803.66347427071,2.575071566224183,19.977164354449183,3538.4851143356277,15.636088292452596,male
87,124.93656481966082,881.4385220509446,163.8433560099717,283.15082432646983,8844.577725920486,2.587038984831742,20.014496625766075,3568.4528481339134,15.618239154399351,male
88,126.68724928282388,876.1285094254408,163.411428671345,284.3321527908652,8884.68431942154,2.5987701634308,20.048307920935695,3598.3712656194675,15.599798229505733,male
89,128.44448344296225,870.423415158587,162.92570417985993,285.4992676708073,8923.989075499621,2.610266804583639,20.07845429383798,3628.235765308014,15.580813399057377,male
90,130.20791487854123,864.3200514782372,162.38504977841794,286.65399791788406,8962.498241976473,2.6215307357781183,20.10478626198552,3658.041740351692,15.561333245781013,male
91,130.20791487854123,864.3200514782372,162.38504977841794,286.65399791788406,8962.498241976473,2.6215307357781183,20.10478626198552,3658.041740351692,15.561333245781013,male
92,130.20791487854123,864.3200514782372,162.38504977841794,286.65399791788406,8962.498241976473,2.6215307357781183,20.10478626198552,3658.041740351692,15.561333245781013,male
93,130.20791487854123,864.3200514782372,162.38504977841794,286.65399791788406,8962.498241976473,2.6215307357781183,20.10478626198552,3658.041740351692,15.561333245781013,male
94,130.20791487854123,864.3200514782372,162.38504977841794,286.65399791788406,8962.498241976473,2.6215307357781183,20.10478626198552,3658.041740351692,15.561333245781013,male
95,130.20791487854123,864.3200514782372,162.38504977841794,286.65399791788406,8962.498241976473,2.6215307357781183,20.10478626198552,3658.041740351692,15.561333245781013,male
96,130.20791487854123,864.3200514782372,162.38504977841794,286.65399791788406,8962.498241976473,2.6215307357781183,20.10478626198552,3658.041740351692,15.561333245781013,male
97,130.20791487854123,864.3200514782372,162.38504977841794,286.65399791788406,8962.498241976473,2.6215307357781183,20.10478626198552,3658.041740351692,15.561333245781013,male
98,130.20791487854123,864.3200514782372,162.38504977841794,286.65399791788406,8962.498241976473,2.6215307357781183,20.10478626198552,3658.041740351692,15.561333245781013,male
99,130.20791487854123,864.3200514782372,162.38504977841794,286.65399791788406,8962.498241976473,2.6215307357781183,20.10478626198552,3658.041740351692,15.561333245781013,male
100,130.20791487854123,864.3200514782372,162.38504977841794,286.65399791788406,8962.498241976473,2.6215307357781183,20.10478626198552,3658.041740351692,15.561333245781013,male
101,130.20791487854123,864.3200514782372,162.38504977841794,286.65399791788406,8962.498241976473,2.6215307357781183,20.10478626198552,3658.041740351692,15.561333245781013,male
102,130.20791487854123,864.3200514782372,162.38504977841794,286.65399791788406,8962.498241976473,2.6215307357781183,20.10478626198552,3658.041740351692,15.561333245781013,male
103,130.20791487854123,864.3200514782372,162.38504977841794,286.65399791788406,8962.498241976473,2.6215307357781183,20.10478626198552,3658.041740351692,15.561333245781013,male
104,130.20791487854123,864.3200514782372,162.38504977841794,286.65399791788406,8962.498241976473,2.6215307357781183,20.10478626198552,3658.041740351692,15.561333245781013,male
105,130.20791487854123,864.3200514782372,162.38504977841794,286.65399791788406,8962.498241976473,2.6215307357781183,20.10478626198552,3658.041740351692,15.561333245781013,male
106,130.20791487854123,864.3200514782372,162.38504977841794,286.65399791788406,8962.498241976473,2.6215307357781183,20.10478626198552,3658.041740351692,15.561333245781013,male
107,130.20791487854123,864.3200514782372,162.38504977841794,286.65399791788406,8962.498241976473,2.6215307357781183,20.10478626198552,3658.041740351692,15.561333245781013,male
108,130.20791487854123,864.3200514782372,162.38504977841794,286.65399791788406,8962.498241976473,2.6215307357781183,20.10478626198552,3658.041740351692,15.561333245781013,male
109,130.20791487854123,864.3200514782372,162.38504977841794,286.65399791788406,8962.498241976473,2.6215307357781183,20.10478626198552,3658.041740351692,15.561333245781013,male
110,130.20791487854123,864.3200514782372,162.38504977841794,286.65399791788406,8962.498241976473,2.6215307357781183,20.10478626198552,3658.041740351692,15.561333245781013,male
111,130.20791487854123,864.3200514782372,162.38504977841794,286.65399791788406,8962.498241976473,2.6215307357781183,20.10478626198552,3658.041740351692,15.561333245781013,male
112,130.20791487854123,864.3200514782372,162.38504977841794,286.65399791788406,8962.498241976473,2.6215307357781183,20.10478626198552,3658.041740351692,15.561333245781013,male
113,130.20791487854123,864.3200514782372,162.38504977841794,286.65399791788406,8962.498241976473,2.6215307357781183,20.10478626198552,3658.041740351692,15.561333245781013,male
114,130.20791487854123,864.3200514782372,162.38504977841794,286.65399791788406,8962.498241976473,2.6215307357781183,20.10478626198552,3658.041740351692,15.561333245781013,male
115,130.20791487854123,864.3200514782372,162.38504977841794,286.65399791788406,8962.498241976473,2.6215307357781183,20.10478626198552,3658.041740351692,15.561333245781013,male
116,130.20791487854123,864.3200514782372,162.38504977841794,286.65399791788406,8962.498241976473,2.6215307357781183,20.10478626198552,3658.041740351692,15.561333245781013,male
117,130.20791487854123,864.3200514782372,162.38504977841794,286.65399791788406,8962.498241976473,2.6215307357781183,20.10478626198552,3658.041740351692,15.561333245781013,male
118,130.20791487854123,864.3200514782372,162.38504977841794,286.65399791788406,8962.498241976473,2.6215307357781183,20.10478626198552,3658.041740351692,15.561333245781013,male
119,130.20791487854123,864.3200514782372,162.38504977841794,286.65399791788406,8962.498241976473,2.6215307357781183,20.10478626198552,3658.041740351692,15.561333245781013,male
120,130.20791487854123,864.3200514782372,162.38504977841794,286.65399791788406,8962.498241976473,2.6215307357781183,20.10478626198552,3658.041740351692,15.561333245781013,male
121,130.20791487854123,864.3200514782372,162.38504977841794,286.65399791788406,8962.498241976473,2.6215307357781183,20.10478626198552,3658.041740351692,15.561333245781013,male
122,130.20791487854123,864.3200514782372,162.38504977841794,286.65399791788406,8962.498241976473,2.6215307357781183,20.10478626198552,3658.041740351692,15.561333245781013,male
123,130.20791487854123,864.3200514782372,162.38504977841794,286.65399791788406,8962.498241976473,2.6215307357781183,20.10478626198552,3658.041740351692,15.561333245781013,male
124,130.20791487854123,864.3200514782372,162.38504977841794,286.65399791788406,8962.498241976473,2.6215307357781183,20.10478626198552,3658.041740351692,15.561333245781013,male
125,130.20791487854123,864.3200514782372,162.38504977841794,286.65399791788406,8962.498241976473,2.6215307357781183,20.10478626198552,3658.041740351692,15.561333245781013,male
126,130.20791487854123,864.3200514782372,162.38504977841794,286.65399791788406,8962.498241976473,2.6215307357781183,20.10478626198552,3658.041740351692,15.561333245781013,male
127,130.20791487854123,864.3200514782372,162.38504977841794,286.65399791788406,8962.498241976473,2.6215307357781183,20.10478626198552,3658.041740351692,15.561333245781013,male
128,130.20791487854123,864.3200514782372,162.38504977841794,286.65399791788406,8962.498241976473,2.6215307357781183,20.10478626198552,3658.041740351692,15.561333245781013,male
129,130.20791487854123,864.3200514782372,162.38504977841794,286.65399791788406,8962.498241976473,2.6215307357781183,20.10478626198552,3658.041740351692,15.561333245781013,male
130,130.20791487854123,864.3200514782372,162.38504977841794,286.65399791788406,8962.498241976473,2.6215307357781183,20.10478626198552,3658.041740351692,15.561333245781013,male
